Gene,Target ID,Direction,Sequence
Isg15,Isg15,Forward,TAATACGACTCACTATAGGGAAATAAGTCTCTGACTCTGAGAGTCGATCCArGTCTCC/3SpC3/
Isg15,Isg15,Reverse,AGACCCAGACTGGAAAGGGTAAGArCCGTCA/3SpC3/
Ifit3,Ifit3,Forward,TAATACGACTCACTATAGGGAAATAATCGCCATGTTCCGCCTAGAAGAArAAACCC/3SpC3/
Ifit3,Ifit3,Reverse,AGAGAGGACTGTTGTTCACTGTGGrATCGCG/3SpC3/
Ccl5,Ccl5,Forward,TAATACGACTCACTATAGGGAAATATCGTGCCCACGTCAAGGAGTATTTrCTACAA/3SpC3/
Ccl5,Ccl5,Reverse,GCTGATTTCTTGGGTTTGCTGTGCrAGAGCA/3SpC3/
Ifi44,Ifi44,Forward,TAATACGACTCACTATAGGGAAATAGAAGATGGAATCTCTGACAAGTACAGGACrATATTA/3SpC3/
Ifi44,Ifi44,Reverse,CACCAGCTCAGAAGAGTGCATTTCrAAAAGG/3SpC3/
Ifit1bl2,Ifit1bl2,Forward,TAATACGACTCACTATAGGGAAATAAAGTTCTCCTTGCCCTAAAGCTGCrAGGATC/3SpC3/
Ifit1bl2,Ifit1bl2,Reverse,CCAAATGGCATGATTGGTCTGCTCrUTTTTA/3SpC3/
Ifi47,Ifi47,Forward,TAATACGACTCACTATAGGGAAATACCCAATTTCCACGCAGACGCTTATrCTAGAA/3SpC3/
Ifi47,Ifi47,Reverse,GGAGATCAGGAAGATGCATGGTTCAGrUCACCA/3SpC3/
Ccl4,Ccl4,Forward,TAATACGACTCACTATAGGGAAATAAAGCCAGCTGTGGTATTCCTGArCCAAAG/3SpC3/
Ccl4,Ccl4,Reverse,GGGAGACACGCGTCCTATAACTAArAACATG/3SpC3/
Mx2,Mx2,Forward,TAATACGACTCACTATAGGGAAATATCCTGAAGGAGCAGAGTGACACAArGCGAGG/3SpC3/
Mx2,Mx2,Reverse,TTCCTCTACCCATCTACTTGCTGAGCrUTTGAT/3SpC3/
Herc6,Herc6,Forward,TAATACGACTCACTATAGGGAAATAGAGAAAGCCAACAAGGCCTAAAGGrAAACTT/3SpC3/
Herc6,Herc6,Reverse,GTGTTTGTGATCTTGAGTCCTGAGCTCrUTTCTG/3SpC3/
Ifnb1,Ifnb1,Forward,TAATACGACTCACTATAGGGAAATAGAAACAATTTCTCCAGCACTGGGTGGrAATGAT/3SpC3/
Ifnb1,Ifnb1,Reverse,GAGGCATCAACTGACAGGTCTTCAGTrUTTGGG/3SpC3/
Phf11a,Phf11a,Forward,TAATACGACTCACTATAGGGAAATAAACAAAGGAGCCACCATGGGATrATGATC/3SpC3/
Phf11a,Phf11a,Reverse,TGACTCTGAGGCAGTCTCATTCAGrGAGTCC/3SpC3/
H2-M3,H2-M3,Forward,TAATACGACTCACTATAGGGAAATATACTACAACCAGAGTGAAGGCGGrCTCTCG/3SpC3/
H2-M3,H2-M3,Reverse,GATCTGCTCGCTGAAGAATCTCCTTGrCCATTA/3SpC3/
Rsad2,Rsad2,Forward,TAATACGACTCACTATAGGGAAATAGCGTCACAAAGAGGTGTCCTGTTTrGGTGCA/3SpC3/
Rsad2,Rsad2,Reverse,AAGGATAGCTGGGCGTGAATGTrCCCTGC/3SpC3/
Irf7,Irf7,Forward,TAATACGACTCACTATAGGGAAATATACCAGGGTCCAGCCTGTGArCAGCCA/3SpC3/
Irf7,Irf7,Reverse,AGGTTGTAGCCACAGATAGTGTGACCrAAGTTC/3SpC3/
Stat1,Stat1,Forward,TAATACGACTCACTATAGGGAAATAGTCTTTGCACATCCATTAAGGGGGrCCAGCC/3SpC3/
Stat1,Stat1,Reverse,ACAGGCGGATTTCTGAGTTCCArGGCCAT/3SpC3/
Irf9,Irf9,Forward,TAATACGACTCACTATAGGGAAATAATTCTCTCTCAGCTCCAAGGAACTGGrAAAGTC/3SpC3/
Irf9,Irf9,Reverse,TTAATCACCGAGCCATCTCTCCAGrCCGCTA/3SpC3/
Cxcl10,Cxcl10,Forward,TAATACGACTCACTATAGGGAAATACCTCATCCTGCTGGGTCTGAGTrGGGACC/3SpC3/
Cxcl10,Cxcl10,Reverse,CTTCACTCCAGTTAAGGAGCCCTTrUTAGAA/3SpC3/
Oas3,Oas3,Forward,TAATACGACTCACTATAGGGAAATATTCATTACCTCCCGTCCCACCAAArCTCAAT/3SpC3/
Oas3,Oas3,Reverse,GGCTTCCGAAGCTGCATCTTCArGGAAGC/3SpC3/
Tuba1a,Tuba1a,Forward,TAATACGACTCACTATAGGGAAATACGTGAGTGCATCTCCATCCATGTTrGGCCAT/3SpC3/
Tuba1a,Tuba1a,Reverse,TTATTGGCAGCATCCTCCTTGCCTrGTGATT/3SpC3/
Hprt1,Hprt1,Forward,TAATACGACTCACTATAGGGAAATATTGCACTATGAGCCTATAGGCCAGrCCTACA/3SpC3/
Hprt1,Hprt1,Reverse,ACAGCCAACACTGCTGAAACATGrUTTATC/3SpC3/
